batch,train_loss,train_acc,global_vali_loss,global_vali_acc
10000.0,0.11496031279414892,0.0,0.11553078598976135,0.0
